Date,City,Product,Category,Quantity,Unit_Price,Sales
2026-01-05,Hyderabad,Laptop,Electronics,2,55000,110000
2026-01-08,Vijayawada,Mobile,Electronics,4,22000,88000
2026-01-12,Bangalore,Headphones,Accessories,8,2500,20000
2026-01-15,Chennai,Tablet,Electronics,3,18000,54000
2026-01-20,Hyderabad,Keyboard,Accessories,10,1800,18000
2026-02-03,Vijayawada,Laptop,Electronics,1,55000,55000
2026-02-07,Bangalore,Mobile,Electronics,5,22000,110000
2026-02-11,Chennai,Headphones,Accessories,12,2500,30000
2026-02-18,Hyderabad,Tablet,Electronics,4,18000,72000
2026-02-25,Vijayawada,Keyboard,Accessories,15,1800,27000
2026-03-02,Bangalore,Laptop,Electronics,2,55000,110000
2026-03-09,Chennai,Mobile,Electronics,3,22000,66000
2026-03-14,Hyderabad,Headphones,Accessories,10,2500,25000
2026-03-21,Vijayawada,Tablet,Electronics,5,18000,90000
2026-03-28,Bangalore,Keyboard,Accessories,18,1800,32400
2026-04-04,Chennai,Laptop,Electronics,1,55000,55000
2026-04-10,Hyderabad,Mobile,Electronics,6,22000,132000
2026-04-17,Bangalore,Headphones,Accessories,14,2500,35000
2026-04-23,Vijayawada,Tablet,Electronics,2,18000,36000
2026-04-29,Chennai,Keyboard,Accessories,20,1800,36000
